"personid","npi","startdate","enddate","sourcepartition"
"14528","1780610477","2018-03-01","2018-03-31 00:00:00.000","1005"
"14553","1508120585","2018-10-01","2018-12-31 00:00:00.000","1008"
"14231","1780650291","2021-01-01","2021-05-31 00:00:00.000","1008"
"17240","1003807447","2019-02-01","2019-08-31 00:00:00.000","1008"
"13880","1326079658","2019-01-01","2019-08-31 00:00:00.000","1008"
"14039","1861837668","2024-09-01","2024-09-30 00:00:00.000","1005"
"14199","1831349448","2018-01-01","2018-12-31 00:00:00.000","1008"
"13011","1811384878","2020-01-01","2020-04-30 00:00:00.000","1008"
"13452","1902824147","2020-05-01","2021-06-30 00:00:00.000","1008"
"14094","1851351589","2019-01-01","2019-08-31 00:00:00.000","1008"
"18527","1730187444","2022-07-01","2022-12-31 00:00:00.000","1008"
"21520","1154539534","2020-05-01","2020-12-31 00:00:00.000","1008"
"14548","1780610477","2019-01-01","2019-08-31 00:00:00.000","1008"
"14726","1164471389","2018-01-01","2018-11-30 00:00:00.000","1008"
"17476","1750668448","2020-01-01","2020-06-30 00:00:00.000","1008"
"17555","1285668202","2024-01-01","2024-11-30 00:00:00.000","1008"
"15723","1275160715","2023-07-01","2023-12-31 00:00:00.000","1008"
"17205","1356495857","2024-06-01","2026-02-28 00:00:00.000","1008"
"17511","1316970270","2015-11-01","2015-11-30 00:00:00.000","1005"
"19778","1861404824","2023-01-01","2023-12-31 00:00:00.000","1008"
"14799","1326451063","2020-02-01","2020-02-29 00:00:00.000","1005"
"16747","1881672749","2021-11-01","2021-12-31 00:00:00.000","1008"
"22387","1376503896","2017-12-01","2017-12-31 00:00:00.000","1005"
"22387","1376503896","2016-05-01","2016-05-31 00:00:00.000","1005"
"22549","1093757254","2021-11-01","2021-12-31 00:00:00.000","1008"
"23064","1932334703","2020-02-01","2020-12-31 00:00:00.000","1008"
"21970","1215985015","2021-03-01","2021-04-30 00:00:00.000","1008"
"23441","1902858566","2022-04-01","2022-06-30 00:00:00.000","1008"
"26578","1821060559","2022-03-01","2022-04-30 00:00:00.000","1008"
"27869","1326079658","2023-01-01","2023-10-31 00:00:00.000","1008"
"19537","1518973098","2023-05-01","2023-12-31 00:00:00.000","1008"
"20491","1285696781","2015-10-01","2015-10-31 00:00:00.000","1005"
"20491","1285696781","2015-07-01","2015-07-31 00:00:00.000","1005"
"22263","1770523821","2022-03-01","2022-04-30 00:00:00.000","1008"
"23229","1447363908","2022-07-01","2022-12-31 00:00:00.000","1008"
"24242","1861450769","2022-01-01","2022-12-31 00:00:00.000","1008"
"25219","1609846682","2020-12-01","2020-12-31 00:00:00.000","1005"
"25869","1912915976","2019-01-01","2019-09-30 00:00:00.000","1008"
"30917","1205921038","2020-05-01","2020-12-31 00:00:00.000","1008"
"31238","1013995810","2024-01-01","2024-02-29 00:00:00.000","1008"
"33260","1942308424","2022-04-01","2022-10-31 00:00:00.000","1008"
"36378","1043257645","2023-01-01","2023-01-31 00:00:00.000","1008"
"23425","1396912853","2020-07-01","2020-07-31 00:00:00.000","1005"
"23425","1396912853","2019-11-01","2019-11-30 00:00:00.000","1005"
"23425","1396912853","2019-08-01","2019-08-31 00:00:00.000","1005"
"23604","1841252418","2023-01-01","2023-12-31 00:00:00.000","1008"
"21325","1023375995","2023-11-01","2023-11-30 00:00:00.000","1008"
"22202","1861498503","2024-01-01","2024-01-31 00:00:00.000","1005"
"27125","1952338170","2018-01-01","2018-12-31 00:00:00.000","1008"
"29808","1801859996","2020-05-01","2020-12-31 00:00:00.000","1008"
"14162","1750525408","2019-01-01","2019-12-31 00:00:00.000","1008"
"14528","1780610477","2013-10-01","2013-10-31 00:00:00.000","1005"
"28468","1285668475","2022-01-01","2022-12-31 00:00:00.000","1008"
"29378","1073524252","2020-01-01","2020-04-30 00:00:00.000","1008"
"29856","1588994693","2024-01-01","2024-08-31 00:00:00.000","1008"
"30341","1285652586","2020-01-01","2020-09-30 00:00:00.000","1008"
"31005","1730241480","2022-07-01","2023-01-31 00:00:00.000","1008"
"33996","1699879114","2023-07-01","2023-12-31 00:00:00.000","1008"
"45634","1578523122","2017-11-01","2017-11-30 00:00:00.000","1005"
"48219","1255480141","2022-01-01","2022-02-28 00:00:00.000","1008"
"15956","1669413779","2023-01-01","2023-12-31 00:00:00.000","1008"
"27289","1417926783","2018-01-01","2018-12-31 00:00:00.000","1008"
"27653","1942203278","2022-01-01","2022-12-31 00:00:00.000","1008"
"27767","1922068816","2015-01-01","2015-12-31 00:00:00.000","1008"
"28107","1043517402","2023-01-01","2023-12-31 00:00:00.000","1008"
"28146","1679678460","2017-01-01","2017-12-31 00:00:00.000","1008"
"29611","1881631596","2024-01-01","2026-02-28 00:00:00.000","1008"
"30562","1962407353","2015-03-01","2015-03-31 00:00:00.000","1005"
"32789","1144588401","2019-10-01","2019-10-31 00:00:00.000","1005"
"25861","1639339575","2023-01-01","2023-12-31 00:00:00.000","1008"
"26686","1952385494","2020-01-01","2020-12-31 00:00:00.000","1008"
"26724","1093759896","2017-05-01","2017-05-31 00:00:00.000","1005"
"29306","1598024564","2023-12-01","2023-12-31 00:00:00.000","1008"
"30373","1518144534","2022-04-01","2022-06-30 00:00:00.000","1008"
"30815","1003026410","2023-01-01","2023-12-31 00:00:00.000","1008"
"36473","1467454603","2020-05-01","2020-12-31 00:00:00.000","1008"
"40767","1801052667","2024-05-01","2024-05-31 00:00:00.000","1005"
"45085","1922056720","2024-10-01","2026-02-28 00:00:00.000","1008"
"47111","1124073614","2022-07-01","2022-07-31 00:00:00.000","1008"
"47343","1366540791","2022-03-01","2022-12-31 00:00:00.000","1008"
"47818","1215956164","2022-07-01","2022-12-31 00:00:00.000","1008"
"48377","1164483830","2018-05-01","2018-05-31 00:00:00.000","1005"
"49190","1265400816","2019-01-01","2019-12-31 00:00:00.000","1008"
"52768","1053373001","2018-01-01","2018-12-31 00:00:00.000","1008"
"55127","1043257645","2022-06-01","2022-09-30 00:00:00.000","1008"
"55411","1144316704","2018-01-01","2018-12-31 00:00:00.000","1008"
"56519","1053330803","2024-01-01","2026-02-28 00:00:00.000","1008"
"56626","1811977150","2022-07-01","2022-12-31 00:00:00.000","1008"
"59658","1831120757","2019-01-01","2019-08-31 00:00:00.000","1008"
"61897","1861414005","2019-01-01","2019-12-31 00:00:00.000","1008"
"64918","1942526892","2021-09-01","2021-09-30 00:00:00.000","1005"
"66933","1942344213","2019-01-01","2019-10-31 00:00:00.000","1008"
"67035","1083601801","2024-01-01","2026-02-28 00:00:00.000","1008"
"39017","1013942374","2021-07-01","2021-12-31 00:00:00.000","1008"
"41943","1548362098","2017-02-01","2017-12-31 00:00:00.000","1008"
"42084","1346404001","2024-03-01","2024-03-31 00:00:00.000","1008"
"42917","1740402874","2020-05-01","2020-12-31 00:00:00.000","1008"
"43113","1649210659","2019-01-01","2019-08-31 00:00:00.000","1008"
"47645","1083687206","2022-07-01","2022-12-31 00:00:00.000","1008"
"48500","1063483998","2022-07-01","2022-12-31 00:00:00.000","1008"
"50898","1215040050","2022-04-01","2022-06-30 00:00:00.000","1008"
"50328","1659332625","2018-01-01","2018-12-31 00:00:00.000","1008"
"52044","1689610750","2021-01-01","2021-09-30 00:00:00.000","1008"
"53401","1538371935","2022-04-01","2022-06-30 00:00:00.000","1008"
"54051","1285989327","2023-03-01","2023-12-31 00:00:00.000","1008"
"56002","1962475822","2022-01-01","2022-02-28 00:00:00.000","1008"
"56421","1861498503","2021-05-01","2021-12-31 00:00:00.000","1008"
"58896","1487040507","2020-05-01","2021-06-30 00:00:00.000","1008"
"59761","1306139480","2022-01-01","2022-09-30 00:00:00.000","1008"
"59918","1326252255","2024-08-01","2024-09-30 00:00:00.000","1008"
"66573","1093910697","2023-01-01","2023-12-31 00:00:00.000","1008"
"67728","1013987593","2022-12-01","2022-12-31 00:00:00.000","1005"
"68145","1215040050","2020-01-01","2020-12-31 00:00:00.000","1008"
"68574","1679885529","2024-05-01","2024-05-31 00:00:00.000","1008"
"68618","1922056803","2022-01-01","2022-12-31 00:00:00.000","1008"
"68726","1902858566","2024-01-01","2026-02-28 00:00:00.000","1008"
"71736","1518057439","2017-02-01","2017-02-28 00:00:00.000","1008"
"14668","1700103132","2022-01-01","2022-02-28 00:00:00.000","1008"
"20421","1336218437","2020-05-01","2020-12-31 00:00:00.000","1008"
"21901","1356456420","2017-10-01","2018-06-30 00:00:00.000","1008"
"23494","1215040050","2019-01-01","2019-08-31 00:00:00.000","1008"
"33349","1831165653","2018-02-01","2018-02-28 00:00:00.000","1005"
"35978","1932230273","2017-11-01","2017-11-30 00:00:00.000","1008"
"38885","1235123449","2018-07-01","2018-12-31 00:00:00.000","1008"
"39455","1336139807","2022-04-01","2022-06-30 00:00:00.000","1008"
"40176","1053381541","2018-01-01","2018-12-31 00:00:00.000","1008"
"40618","1932160884","2017-09-01","2017-09-30 00:00:00.000","1005"
"40864","1285668202","2022-07-01","2023-06-30 00:00:00.000","1008"
"46299","1790723245","2022-07-01","2022-09-30 00:00:00.000","1008"
"48601","1639238769","2017-05-01","2017-12-31 00:00:00.000","1008"
"51847","1134126691","2016-06-01","2016-12-31 00:00:00.000","1008"
"53295","1780900340","2020-05-01","2020-12-31 00:00:00.000","1008"
"53792","1952385346","2015-01-01","2015-12-31 00:00:00.000","1008"
"53959","1942231220","2024-02-01","2026-02-28 00:00:00.000","1008"
"54776","1194882258","2023-01-01","2023-12-31 00:00:00.000","1008"
"55588","1285668202","2024-01-01","2026-02-28 00:00:00.000","1008"
"56443","1902824147","2020-05-01","2020-06-30 00:00:00.000","1008"
"16471","1487688594","2024-01-01","2024-01-31 00:00:00.000","1008"
"18143","1831120757","2022-07-01","2022-12-31 00:00:00.000","1008"
"24647","1871546598","2024-02-01","2024-11-30 00:00:00.000","1008"
"25287","1265578165","2019-01-01","2019-12-31 00:00:00.000","1008"
"26939","1902976442","2021-10-01","2021-10-31 00:00:00.000","1005"
"26939","1902976442","2021-06-01","2021-06-30 00:00:00.000","1005"
"26939","1902976442","2021-03-01","2021-03-31 00:00:00.000","1005"
"30607","1265783815","2024-01-01","2026-02-28 00:00:00.000","1008"
"32637","1649365545","2019-01-01","2019-07-31 00:00:00.000","1008"
"35835","1225012206","2022-01-01","2022-01-31 00:00:00.000","1008"
"16245","1881957140","2019-01-01","2019-12-31 00:00:00.000","1008"
"16664","1013987593","2013-04-01","2013-04-30 00:00:00.000","1005"
"16990","1548306277","2017-01-01","2017-05-31 00:00:00.000","1008"
"17914","1669648689","2023-01-01","2023-03-31 00:00:00.000","1008"
"21899","1710959382","2019-05-01","2019-07-31 00:00:00.000","1008"
"24641","1699735522","2016-01-01","2016-12-31 00:00:00.000","1008"
"25467","1356311823","2024-01-01","2024-05-31 00:00:00.000","1008"
"25564","1417927971","2022-10-01","2022-10-31 00:00:00.000","1005"
"36952","1174581979","2020-05-01","2020-12-31 00:00:00.000","1008"
"37199","1922056803","2022-07-01","2022-12-31 00:00:00.000","1008"
"39401","1083732812","2013-11-01","2013-11-30 00:00:00.000","1005"
"39822","1649224312","2024-09-01","2026-02-28 00:00:00.000","1008"
"40717","1598024564","2024-01-01","2024-08-31 00:00:00.000","1008"
"43402","1255480141","2021-11-01","2021-12-31 00:00:00.000","1008"
"49914","1538371935","2021-02-01","2021-02-28 00:00:00.000","1005"
"53565","1366732042","2021-01-01","2021-12-31 00:00:00.000","1008"
"55148","1689612749","2020-05-01","2020-12-31 00:00:00.000","1008"
"56092","1982815999","2018-01-01","2018-12-31 00:00:00.000","1008"
"56776","1215040050","2024-01-01","2024-11-30 00:00:00.000","1008"
"60753","1225063019","2018-01-01","2018-12-31 00:00:00.000","1008"
"62210","1235123449","2016-12-01","2016-12-31 00:00:00.000","1008"
"62667","1144588401","2021-03-01","2021-03-31 00:00:00.000","1005"
"65221","1720436934","2022-01-01","2022-12-31 00:00:00.000","1008"
"66937","1932230273","2023-01-01","2023-03-31 00:00:00.000","1008"
"26649","1528014800","2022-07-01","2022-12-31 00:00:00.000","1008"
"34305","1104084540","2017-09-01","2017-12-31 00:00:00.000","1008"
"35566","1073524252","2023-01-01","2023-07-31 00:00:00.000","1008"
"38560","1649225459","2021-11-01","2021-12-31 00:00:00.000","1008"
"39107","1144316704","2020-01-01","2020-04-30 00:00:00.000","1008"
"39301","1942261953","2014-10-01","2014-10-31 00:00:00.000","1005"
"40778","1932161346","2023-10-01","2023-10-31 00:00:00.000","1005"
"40778","1932161346","2023-08-01","2023-08-31 00:00:00.000","1005"
"18531","1467454603","2022-02-01","2022-12-31 00:00:00.000","1008"
"18735","1710920707","2021-01-01","2021-06-30 00:00:00.000","1008"
"20356","1093910697","2023-01-01","2023-12-31 00:00:00.000","1008"
"25287","1265578165","2020-01-01","2020-04-30 00:00:00.000","1008"
"26543","1427155829","2020-01-01","2020-03-31 00:00:00.000","1008"
"26723","1649365545","2022-04-01","2022-06-30 00:00:00.000","1008"
"27565","1477558245","2023-01-01","2023-06-30 00:00:00.000","1008"
"28241","1831167956","2023-09-01","2023-10-31 00:00:00.000","1008"
"20797","1891906491","2022-07-01","2022-12-31 00:00:00.000","1008"
"21637","1316294036","2019-09-01","2019-12-31 00:00:00.000","1008"
"68081","1518907732","2018-01-01","2018-01-31 00:00:00.000","1005"
"68081","1518907732","2015-02-01","2015-02-28 00:00:00.000","1005"
"69671","1689604217","2021-07-01","2022-01-31 00:00:00.000","1008"
"73848","1740402874","2020-01-01","2020-04-30 00:00:00.000","1008"
"76105","1548249030","2022-07-01","2022-12-31 00:00:00.000","1008"
"77397","1588868186","2022-04-01","2022-06-30 00:00:00.000","1008"
"79071","1215040050","2021-11-01","2021-12-31 00:00:00.000","1008"
"80809","1346466943","2021-04-01","2021-07-31 00:00:00.000","1008"
"81351","1831349448","2019-12-01","2019-12-31 00:00:00.000","1008"
"81718","1891906491","2022-04-01","2022-10-31 00:00:00.000","1008"
"81790","1497770689","2023-01-01","2023-12-31 00:00:00.000","1008"
"82346","1992039960","2017-01-01","2017-12-31 00:00:00.000","1008"
"87981","1811927841","2022-07-01","2022-12-31 00:00:00.000","1008"
"88423","1184663478","2016-06-01","2016-06-30 00:00:00.000","1005"
"91698","1861608929","2022-01-01","2022-12-31 00:00:00.000","1008"
"92710","1588699284","2022-04-01","2022-06-30 00:00:00.000","1008"
"92826","1518057439","2023-01-01","2023-03-31 00:00:00.000","1008"
"93530","1689604217","2024-05-01","2026-02-28 00:00:00.000","1008"
"94330","1629001318","2020-01-01","2020-12-31 00:00:00.000","1008"
"99468","1972521110","2017-05-01","2017-05-31 00:00:00.000","1008"
"101744","1174600381","2022-07-01","2022-12-31 00:00:00.000","1008"
"101936","1700103132","2023-05-01","2023-12-31 00:00:00.000","1008"
"104070","1952341265","2020-05-01","2021-06-30 00:00:00.000","1008"
"105529","1710910740","2018-01-01","2018-12-31 00:00:00.000","1008"
"106475","1962475822","2020-01-01","2020-12-31 00:00:00.000","1008"
"107842","1194785097","2022-01-01","2022-12-31 00:00:00.000","1008"
"111662","1285694489","2022-01-01","2022-12-31 00:00:00.000","1008"
"112152","1356314355","2024-10-01","2024-10-31 00:00:00.000","1005"
"113509","1538371935","2019-09-01","2019-12-31 00:00:00.000","1008"
"113956","1861432890","2019-09-01","2020-06-30 00:00:00.000","1008"
"116707","1023043924","2020-01-01","2020-02-29 00:00:00.000","1008"
"118214","1194986208","2023-06-01","2023-06-30 00:00:00.000","1008"
"42393","1346478336","2022-04-01","2022-06-30 00:00:00.000","1008"
"45565","1134414915","2021-01-01","2021-12-31 00:00:00.000","1008"
"47074","1053330803","2020-11-01","2020-12-31 00:00:00.000","1008"
"47615","1679885529","2016-01-01","2016-01-31 00:00:00.000","1008"
"57202","1114995305","2020-05-01","2021-06-30 00:00:00.000","1008"
"59441","1427017540","2021-11-01","2021-12-31 00:00:00.000","1008"
"62865","1811927841","2019-09-01","2019-12-31 00:00:00.000","1008"
"63604","1356341465","2019-01-01","2019-12-31 00:00:00.000","1008"
"64621","1073598413","2022-07-01","2022-12-31 00:00:00.000","1008"
"66082","1285668202","2024-01-01","2024-11-30 00:00:00.000","1008"
"68423","1134414915","2018-04-01","2018-04-30 00:00:00.000","1005"
"68482","1710218169","2015-08-01","2015-12-31 00:00:00.000","1008"
"68731","1033137740","2019-01-01","2019-01-31 00:00:00.000","1008"
"68931","1861410532","2020-04-01","2020-12-31 00:00:00.000","1008"
"69518","1083672067","2022-07-01","2022-12-31 00:00:00.000","1008"
"76409","1659332625","2015-02-01","2015-02-28 00:00:00.000","1005"
"42708","1679578777","2013-08-01","2013-08-31 00:00:00.000","1005"
"47398","1457321929","2019-06-01","2019-08-31 00:00:00.000","1008"
"47903","1588699284","2022-07-01","2022-12-31 00:00:00.000","1008"
"47986","1841258548","2021-01-01","2021-12-31 00:00:00.000","1008"
"49560","1639339575","2022-09-01","2022-12-31 00:00:00.000","1008"
"50231","1043257645","2024-01-01","2024-11-30 00:00:00.000","1008"
"51285","1649365545","2022-01-01","2022-12-31 00:00:00.000","1008"
"51441","1174514335","2020-02-01","2020-02-29 00:00:00.000","1005"
"51982","1679640957","2024-01-01","2024-01-31 00:00:00.000","1008"
"52992","1316982671","2023-09-01","2023-12-31 00:00:00.000","1008"
"53371","1366778540","2022-10-01","2022-12-31 00:00:00.000","1008"
"55649","1780650291","2016-08-01","2016-12-31 00:00:00.000","1008"
"56252","1538371935","2022-01-01","2022-12-31 00:00:00.000","1008"
"58943","1427014539","2021-02-01","2021-02-28 00:00:00.000","1008"
"59040","1497963698","2021-01-01","2021-01-31 00:00:00.000","1008"
"61093","1174556286","2021-01-01","2021-12-31 00:00:00.000","1008"
"34045","1386803633","2021-01-01","2021-12-31 00:00:00.000","1008"
"35136","1699980417","2020-02-01","2020-12-31 00:00:00.000","1008"
"35835","1225012206","2016-03-01","2016-12-31 00:00:00.000","1008"
"36657","1003807447","2016-12-01","2016-12-31 00:00:00.000","1008"
"37297","1982814802","2022-01-01","2022-12-31 00:00:00.000","1008"
"40754","1033137740","2019-04-01","2019-04-30 00:00:00.000","1005"
"41173","1346478336","2024-01-01","2024-11-30 00:00:00.000","1008"
"41896","1396705919","2023-01-01","2023-12-31 00:00:00.000","1008"
"44019","1780610477","2020-05-01","2020-12-31 00:00:00.000","1008"
"44489","1427155829","2024-01-01","2024-11-30 00:00:00.000","1008"
"45969","1780610477","2020-02-01","2020-02-29 00:00:00.000","1005"
"49328","1407872039","2021-01-01","2021-04-30 00:00:00.000","1008"
"49651","1326091109","2021-08-01","2021-12-31 00:00:00.000","1008"
"51648","1588868186","2024-07-01","2024-07-31 00:00:00.000","1008"
"55062","1952341265","2017-11-01","2017-12-31 00:00:00.000","1008"
"56024","1871698316","2023-01-01","2023-12-31 00:00:00.000","1008"
"16382","1063453512","2022-07-01","2022-12-31 00:00:00.000","1008"
"119204","1003806332","2019-01-01","2019-08-31 00:00:00.000","1008"
"121456","1346293453","2015-05-01","2015-05-31 00:00:00.000","1005"
"121706","1588656409","2019-09-01","2019-09-30 00:00:00.000","1005"
"121977","1629078290","2020-04-01","2020-04-30 00:00:00.000","1005"
"122242","1902843709","2015-08-01","2015-08-31 00:00:00.000","1005"
"122352","1932106341","2017-05-01","2017-05-31 00:00:00.000","1005"
"122548","1578523122","2014-08-01","2014-08-31 00:00:00.000","1005"
"123105","1710910740","2020-06-01","2020-06-30 00:00:00.000","1005"
"123140","1265697015","2014-10-01","2014-10-31 00:00:00.000","1005"
"123648","1427027762","2021-09-01","2021-09-30 00:00:00.000","1005"
"123694","1205830643","2023-10-01","2023-10-31 00:00:00.000","1005"
"123998","1902843709","2014-11-01","2014-11-30 00:00:00.000","1005"
"124020","1316985047","2016-09-01","2016-09-30 00:00:00.000","1005"
"125393","1376503896","2018-11-01","2018-11-30 00:00:00.000","1005"
"125966","1053381541","2021-02-01","2021-02-28 00:00:00.000","1005"
"125966","1053381541","2018-05-01","2018-05-31 00:00:00.000","1005"
"126048","1952314767","2021-05-01","2021-05-31 00:00:00.000","1005"
"126116","1972521110","2016-08-01","2016-08-31 00:00:00.000","1005"
"126919","1467481549","2016-12-01","2017-06-30 00:00:00.000","1005"
"127372","1801837935","2013-01-01","2013-01-31 00:00:00.000","1005"
"127716","1245235621","2021-01-01","2021-01-31 00:00:00.000","1005"
"127772","1689660557","2016-01-01","2016-01-31 00:00:00.000","1005"
"128012","1003830829","2020-01-01","2020-01-31 00:00:00.000","1005"
"128499","1629078290","2021-05-01","2021-05-31 00:00:00.000","1005"
"128645","1437110418","2017-01-01","2017-01-31 00:00:00.000","1005"
"128672","1073516704","2022-08-01","2022-08-31 00:00:00.000","1005"
"128748","1467481549","2023-05-01","2023-05-31 00:00:00.000","1005"
"129079","1104889641","2023-04-01","2023-04-30 00:00:00.000","1005"
"129768","1336185875","2016-12-01","2016-12-31 00:00:00.000","1005"
"129869","1932161346","2016-06-01","2016-06-30 00:00:00.000","1005"
"130355","1750659082","2021-05-01","2021-05-31 00:00:00.000","1005"
"130545","1417927971","2019-06-01","2019-06-30 00:00:00.000","1005"
"130738","1588193916","2021-09-01","2021-09-30 00:00:00.000","1005"
"130738","1588193916","2021-03-01","2021-03-31 00:00:00.000","1005"
"130984","1083654123","2016-02-01","2016-02-29 00:00:00.000","1005"
"131133","1194929497","2017-11-01","2017-11-30 00:00:00.000","1005"
"131352","1437192853","2017-02-01","2017-02-28 00:00:00.000","1005"
"131357","1447211420","2018-02-01","2018-02-28 00:00:00.000","1005"
"131400","1689604647","2023-06-01","2023-06-30 00:00:00.000","1005"
"131420","1003806332","2024-03-01","2024-03-31 00:00:00.000","1005"
"131760","1013987593","2021-01-01","2021-01-31 00:00:00.000","1005"
"132083","1467491803","2021-11-01","2021-11-30 00:00:00.000","1005"
"132329","1821418658","2024-08-01","2024-08-31 00:00:00.000","1005"
"132334","1194760074","2013-11-01","2013-11-30 00:00:00.000","1005"
"132678","1639111883","2015-03-01","2015-03-31 00:00:00.000","1005"
"133117","1346293453","2022-06-01","2022-06-30 00:00:00.000","1005"
"133148","1417913344","2022-07-01","2022-07-31 00:00:00.000","1005"
"133703","1053467902","2017-06-01","2017-06-30 00:00:00.000","1005"
"133864","1952362923","2016-07-01","2016-07-31 00:00:00.000","1005"
"133866","1285696781","2016-06-01","2016-06-30 00:00:00.000","1005"
"134438","1568626646","2020-08-01","2020-08-31 00:00:00.000","1005"
"134438","1568626646","2018-12-01","2018-12-31 00:00:00.000","1005"
"134486","1811927841","2019-09-01","2019-09-30 00:00:00.000","1005"
"134642","1134414915","2022-09-01","2022-09-30 00:00:00.000","1005"
"134673","1184663478","2014-12-01","2015-06-30 00:00:00.000","1005"
"134805","1306139480","2023-02-01","2023-02-28 00:00:00.000","1005"
"135039","1013987593","2019-08-01","2019-08-31 00:00:00.000","1005"
"135117","1518907732","2018-12-01","2018-12-31 00:00:00.000","1005"
"135339","1942520960","2021-08-01","2021-08-31 00:00:00.000","1005"
"135339","1942520960","2020-01-01","2020-01-31 00:00:00.000","1005"
"136180","1962445346","2019-08-01","2019-08-31 00:00:00.000","1005"
"136220","1053381541","2021-11-01","2021-11-30 00:00:00.000","1005"
"136458","1003830829","2014-08-01","2014-08-31 00:00:00.000","1005"
"137637","1588625552","2017-09-01","2017-09-30 00:00:00.000","1005"
"78085","1952338170","2022-01-01","2022-12-31 00:00:00.000","1008"
"78548","1952338170","2017-01-01","2017-12-31 00:00:00.000","1008"
"79155","1982669883","2022-01-01","2022-02-28 00:00:00.000","1008"
"79810","1124073614","2020-05-01","2020-12-31 00:00:00.000","1008"
"80143","1235187279","2019-04-01","2019-07-31 00:00:00.000","1008"
"80217","1174566053","2024-01-01","2026-02-28 00:00:00.000","1008"
"82154","1558565572","2022-07-01","2022-12-31 00:00:00.000","1008"
"82735","1225012206","2023-07-01","2023-12-31 00:00:00.000","1008"
"84552","1518057439","2022-07-01","2022-12-31 00:00:00.000","1008"
"86581","1689660557","2022-10-01","2022-10-31 00:00:00.000","1008"
"86581","1689660557","2022-04-01","2022-05-31 00:00:00.000","1008"
"87923","1649210659","2024-01-01","2024-11-30 00:00:00.000","1008"
"88888","1902824147","2021-01-01","2021-03-31 00:00:00.000","1008"
"89936","1508836099","2018-01-01","2018-12-31 00:00:00.000","1008"
"92026","1750668448","2020-01-01","2020-06-30 00:00:00.000","1008"
"94495","1952341265","2020-01-01","2020-12-31 00:00:00.000","1008"
"95018","1952362923","2020-01-01","2020-02-29 00:00:00.000","1008"
"95368","1548249030","2021-11-01","2021-11-30 00:00:00.000","1008"
"96264","1669413779","2022-07-01","2022-12-31 00:00:00.000","1008"
"100986","1881631596","2020-08-01","2021-06-30 00:00:00.000","1008"
"102768","1952362923","2020-01-01","2020-04-30 00:00:00.000","1008"
"104451","1679585087","2021-01-01","2021-12-31 00:00:00.000","1008"
"104662","1285747030","2022-01-01","2022-12-31 00:00:00.000","1008"
"104872","1932179314","2017-09-01","2017-12-31 00:00:00.000","1008"
"106299","1245235621","2020-10-01","2020-10-31 00:00:00.000","1005"
"106882","1740402874","2020-05-01","2020-12-31 00:00:00.000","1008"
"109388","1972563492","2020-01-01","2020-04-30 00:00:00.000","1008"
"110912","1336139807","2023-01-01","2023-12-31 00:00:00.000","1008"
"111487","1558331504","2017-01-01","2017-01-31 00:00:00.000","1005"
"112375","1467437863","2023-07-01","2023-12-31 00:00:00.000","1008"
"121515","1366470379","2016-06-01","2016-06-30 00:00:00.000","1005"
"121515","1366470379","2014-01-01","2014-01-31 00:00:00.000","1005"
"57479","1235415746","2020-05-01","2020-06-30 00:00:00.000","1008"
"60931","1144220716","2016-03-01","2016-10-31 00:00:00.000","1008"
"61797","1124203344","2020-01-01","2020-12-31 00:00:00.000","1008"
"64032","1083672067","2024-02-01","2024-09-30 00:00:00.000","1008"
"64522","1982814802","2021-05-01","2021-12-31 00:00:00.000","1008"
"64572","1417927971","2020-01-01","2020-12-31 00:00:00.000","1008"
"66029","1003857459","2022-07-01","2022-12-31 00:00:00.000","1008"
"66348","1922056803","2018-04-01","2018-12-31 00:00:00.000","1008"
"67227","1649210659","2018-08-01","2018-12-31 00:00:00.000","1008"
"68392","1407894926","2024-01-01","2024-11-30 00:00:00.000","1008"
"68752","1952348823","2019-04-01","2019-12-31 00:00:00.000","1008"
"69312","1851392401","2020-01-01","2020-12-31 00:00:00.000","1008"
"72677","1629001318","2022-07-01","2022-12-31 00:00:00.000","1008"
"73513","1306898911","2022-05-01","2022-05-31 00:00:00.000","1005"
"73527","1407809254","2021-04-01","2021-10-31 00:00:00.000","1008"
"74591","1407872039","2020-01-01","2020-04-30 00:00:00.000","1008"
"75978","1538220348","2019-12-01","2019-12-31 00:00:00.000","1008"
"79629","1861432890","2020-03-01","2020-04-30 00:00:00.000","1008"
"80595","1134126691","2020-05-01","2020-12-31 00:00:00.000","1008"
"80741","1639339575","2018-01-01","2018-12-31 00:00:00.000","1008"
"81899","1942228267","2022-04-01","2022-06-30 00:00:00.000","1008"
"82125","1053350488","2020-01-01","2020-12-31 00:00:00.000","1008"
"83872","1548233034","2021-01-01","2021-04-30 00:00:00.000","1008"
"84485","1861450769","2020-07-01","2020-07-31 00:00:00.000","1008"
"87821","1083687206","2017-01-01","2017-09-30 00:00:00.000","1008"
"90743","1740261114","2013-02-01","2013-02-28 00:00:00.000","1005"
"91817","1942228267","2023-01-01","2023-12-31 00:00:00.000","1008"
"93294","1255365276","2024-04-01","2026-02-28 00:00:00.000","1008"
"93392","1568626646","2019-11-01","2019-12-31 00:00:00.000","1008"
"94228","1104892959","2022-04-01","2022-06-30 00:00:00.000","1008"
"94596","1538220348","2020-05-01","2020-12-31 00:00:00.000","1008"
"95197","1407934987","2019-07-01","2019-12-31 00:00:00.000","1008"
"63248","1538239173","2021-01-01","2021-12-31 00:00:00.000","1008"
"63489","1124073614","2022-07-01","2022-12-31 00:00:00.000","1008"
"64691","1710218169","2024-01-01","2024-11-30 00:00:00.000","1008"
"68454","1386962199","2023-01-01","2023-08-31 00:00:00.000","1008"
"70530","1093910697","2023-01-01","2023-12-31 00:00:00.000","1008"
"72623","1861414005","2019-01-01","2019-12-31 00:00:00.000","1008"
"75698","1154405595","2017-09-01","2017-12-31 00:00:00.000","1008"
"76587","1922211697","2024-08-01","2024-08-31 00:00:00.000","1008"
"77349","1639455140","2020-04-01","2020-12-31 00:00:00.000","1008"
"77529","1699958579","2024-01-01","2024-07-31 00:00:00.000","1008"
"80200","1336139807","2024-01-01","2024-11-30 00:00:00.000","1008"
"80476","1437265147","2020-05-01","2020-12-31 00:00:00.000","1008"
"87535","1174600381","2019-08-01","2019-12-31 00:00:00.000","1008"
"90798","1336139807","2024-01-01","2026-02-28 00:00:00.000","1008"
"94696","1558307991","2020-01-01","2020-11-30 00:00:00.000","1008"
"101280","1376574541","2024-01-01","2024-11-30 00:00:00.000","1008"
"106249","1174556286","2017-11-01","2017-12-31 00:00:00.000","1008"
"108350","1104892959","2019-01-01","2019-02-28 00:00:00.000","1008"
"115051","1457321929","2020-01-01","2020-12-31 00:00:00.000","1008"
"117855","1033378732","2020-12-01","2021-06-30 00:00:00.000","1008"
"118606","1841252418","2019-09-01","2019-12-31 00:00:00.000","1008"
"119836","1902867963","2021-11-01","2021-12-31 00:00:00.000","1008"
"121441","1417927971","2020-01-01","2020-01-31 00:00:00.000","1005"
"121441","1417927971","2013-09-01","2013-09-30 00:00:00.000","1005"
"121646","1518907732","2014-04-01","2014-04-30 00:00:00.000","1005"
"121877","1174917116","2022-08-01","2022-08-31 00:00:00.000","1005"
"122381","1023088507","2013-02-01","2013-02-28 00:00:00.000","1005"
"122420","1295775542","2024-04-01","2024-04-30 00:00:00.000","1005"
"122420","1295775542","2020-07-01","2020-07-31 00:00:00.000","1005"
"122800","1962407353","2018-10-01","2018-10-31 00:00:00.000","1005"
"122807","1346293453","2018-05-01","2018-05-31 00:00:00.000","1005"
"123190","1972563492","2017-03-01","2017-03-31 00:00:00.000","1005"
"56864","1518057439","2017-01-01","2017-12-31 00:00:00.000","1008"
"58197","1346478336","2022-01-01","2022-12-31 00:00:00.000","1008"
"58606","1730306150","2021-01-01","2021-03-31 00:00:00.000","1008"
"60860","1356311823","2021-04-01","2021-12-31 00:00:00.000","1008"
"61140","1598706277","2020-05-01","2020-08-31 00:00:00.000","1008"
"61813","1033137740","2020-05-01","2020-12-31 00:00:00.000","1008"
"64978","1225180680","2021-11-01","2021-11-30 00:00:00.000","1005"
"65290","1144220716","2024-06-01","2024-06-30 00:00:00.000","1008"
"66878","1720280647","2019-01-01","2019-12-31 00:00:00.000","1008"
"67128","1548249030","2022-01-01","2022-12-31 00:00:00.000","1008"
"69461","1245289495","2020-05-01","2020-05-31 00:00:00.000","1005"
"71043","1194752642","2020-05-01","2020-12-31 00:00:00.000","1008"
"71321","1144316704","2023-09-01","2023-12-31 00:00:00.000","1008"
"72056","1821005646","2020-11-01","2020-12-31 00:00:00.000","1008"
"73726","1245546407","2019-08-01","2019-08-31 00:00:00.000","1008"
"77575","1316977143","2018-04-01","2018-12-31 00:00:00.000","1008"
"79127","1427017540","2021-01-01","2021-12-31 00:00:00.000","1008"
"79619","1780627836","2021-03-01","2021-03-31 00:00:00.000","1008"
"79825","1538220348","2021-01-01","2021-12-31 00:00:00.000","1008"
"80770","1689629123","2015-01-01","2015-05-31 00:00:00.000","1008"
"85367","1013995810","2022-01-01","2022-12-31 00:00:00.000","1008"
"85539","1952338170","2017-09-01","2017-12-31 00:00:00.000","1008"
"85997","1356311823","2022-01-01","2022-12-31 00:00:00.000","1008"
"87153","1558307991","2021-01-01","2021-09-30 00:00:00.000","1008"
"89296","1548233034","2022-04-01","2022-06-30 00:00:00.000","1008"
"96258","1922033612","2020-05-01","2020-12-31 00:00:00.000","1008"
"100441","1427053396","2019-05-01","2019-05-31 00:00:00.000","1005"
"104465","1174635452","2019-01-01","2019-12-31 00:00:00.000","1008"
"105490","1891748711","2016-01-01","2016-12-31 00:00:00.000","1008"
"110367","1144316704","2024-06-01","2026-02-28 00:00:00.000","1008"
"112152","1356314355","2023-04-01","2023-04-30 00:00:00.000","1005"
"112152","1356314355","2021-08-01","2021-08-31 00:00:00.000","1005"
"18626","1386647162","2022-07-01","2022-12-31 00:00:00.000","1008"
"21263","1851351589","2019-02-01","2019-08-31 00:00:00.000","1008"
"95861","1689660557","2022-06-01","2022-06-30 00:00:00.000","1005"
"95861","1689660557","2019-10-01","2019-10-31 00:00:00.000","1005"
"96104","1861404824","2020-01-01","2020-12-31 00:00:00.000","1008"
"97293","1689612749","2022-01-01","2022-03-31 00:00:00.000","1008"
"98509","1689633927","2021-04-01","2021-04-30 00:00:00.000","1005"
"99716","1003026410","2021-09-01","2021-12-31 00:00:00.000","1008"
"103819","1255514576","2024-01-01","2024-03-31 00:00:00.000","1008"
"106930","1760452684","2019-01-01","2019-12-31 00:00:00.000","1008"
"106978","1588994693","2019-12-01","2019-12-31 00:00:00.000","1008"
"107695","1942228267","2022-01-01","2022-12-31 00:00:00.000","1008"
"108091","1306139480","2020-05-01","2020-12-31 00:00:00.000","1008"
"109670","1821067083","2020-01-01","2020-08-31 00:00:00.000","1008"
"110939","1306842216","2022-04-01","2022-06-30 00:00:00.000","1008"
"111433","1174917116","2023-10-01","2023-10-31 00:00:00.000","1005"
"112199","1780650291","2020-05-01","2020-12-31 00:00:00.000","1008"
"112844","1679585087","2020-01-01","2020-12-31 00:00:00.000","1008"
"114893","1831380195","2023-09-01","2023-12-31 00:00:00.000","1008"
"115761","1649210659","2023-01-01","2023-12-31 00:00:00.000","1008"
"117774","1124203344","2017-01-01","2017-12-31 00:00:00.000","1008"
"118786","1164804068","2023-02-01","2023-03-31 00:00:00.000","1008"
"120053","1780669168","2015-01-01","2015-12-31 00:00:00.000","1008"
"120211","1699980417","2017-09-01","2017-12-31 00:00:00.000","1008"
"120607","1366650772","2020-05-01","2020-12-31 00:00:00.000","1008"
"120786","1710986864","2023-01-01","2023-12-31 00:00:00.000","1008"
"120887","1922033612","2020-05-01","2020-08-31 00:00:00.000","1008"
"121426","1942261953","2020-01-01","2020-01-31 00:00:00.000","1005"
"121426","1942261953","2017-11-01","2017-11-30 00:00:00.000","1005"
"121426","1942261953","2015-05-01","2015-05-31 00:00:00.000","1005"
"121443","1386965234","2019-05-01","2019-05-31 00:00:00.000","1005"
"121451","1831167956","2021-09-01","2021-09-30 00:00:00.000","1005"
"121451","1760477160","2016-04-01","2016-04-30 00:00:00.000","1005"
"121470","1619938602","2017-08-01","2017-08-31 00:00:00.000","1005"
"121567","1558534016","2017-07-01","2017-07-31 00:00:00.000","1005"
"121951","1992723126","2020-05-01","2020-05-31 00:00:00.000","1005"
"121955","1841237104","2014-10-01","2014-10-31 00:00:00.000","1005"
"121985","1457316077","2017-04-01","2017-04-30 00:00:00.000","1005"
"122053","1285691006","2019-01-01","2019-01-31 00:00:00.000","1005"
"122305","1235107657","2022-09-01","2022-09-30 00:00:00.000","1005"
"122688","1265416580","2017-11-01","2017-11-30 00:00:00.000","1005"
"122849","1801836028","2020-09-01","2020-09-30 00:00:00.000","1005"
"122849","1801836028","2019-07-01","2019-07-31 00:00:00.000","1005"
"122920","1346298031","2024-04-01","2024-04-30 00:00:00.000","1005"
"123037","1205894623","2020-10-01","2020-10-31 00:00:00.000","1005"
"123184","1518144534","2020-09-01","2020-09-30 00:00:00.000","1005"
"123184","1538101605","2017-10-01","2017-10-31 00:00:00.000","1005"
"123184","1538101605","2015-11-01","2015-11-30 00:00:00.000","1005"
"123473","1467457572","2013-03-01","2013-03-31 00:00:00.000","1005"
"123637","1457365223","2019-01-01","2019-01-31 00:00:00.000","1005"
"123644","1609846682","2024-01-01","2024-01-31 00:00:00.000","1005"
"123644","1609846682","2023-12-01","2023-12-31 00:00:00.000","1005"
"123644","1609846682","2023-07-01","2023-07-31 00:00:00.000","1005"
"123658","1376503896","2016-11-01","2016-11-30 00:00:00.000","1005"
"123659","1285696781","2015-08-01","2015-08-31 00:00:00.000","1005"
"123696","1225063019","2021-04-01","2021-04-30 00:00:00.000","1005"
"123869","1245235621","2023-12-01","2023-12-31 00:00:00.000","1005"
"123869","1023227063","2013-11-01","2013-11-30 00:00:00.000","1005"
"123899","1457321929","2024-05-01","2024-05-31 00:00:00.000","1005"
"124024","1417927971","2018-11-01","2018-11-30 00:00:00.000","1005"
"124106","1407937592","2023-07-01","2023-07-31 00:00:00.000","1005"
"124283","1730122987","2015-02-01","2015-02-28 00:00:00.000","1005"
"124349","1073516704","2021-07-01","2021-07-31 00:00:00.000","1005"
"124768","1255381059","2016-12-01","2016-12-31 00:00:00.000","1005"
"124785","1932334703","2023-01-01","2023-01-31 00:00:00.000","1005"
"125014","1831167956","2022-02-01","2022-02-28 00:00:00.000","1005"
"121809","1811382062","2024-02-01","2024-02-29 00:00:00.000","1005"
"122121","1386604825","2024-02-01","2024-02-29 00:00:00.000","1005"
"122290","1912911439","2021-12-01","2021-12-31 00:00:00.000","1005"
"122855","1043517402","2018-07-01","2018-07-31 00:00:00.000","1005"
"122912","1578523122","2020-11-01","2020-11-30 00:00:00.000","1005"
"123101","1730162645","2022-08-01","2022-08-31 00:00:00.000","1005"
"123186","1659638898","2024-02-01","2024-02-29 00:00:00.000","1005"
"123186","1598847949","2015-10-01","2015-10-31 00:00:00.000","1005"
"123187","1801836028","2021-01-01","2021-01-31 00:00:00.000","1005"
"124107","1720049885","2017-10-01","2017-10-31 00:00:00.000","1005"
"124365","1184002891","2024-12-01","2026-03-30 00:00:00.000","1005"
"124978","1700847779","2015-06-01","2015-06-30 00:00:00.000","1005"
"125195","1457316077","2015-03-01","2015-03-31 00:00:00.000","1005"
"125248","1285668475","2019-05-01","2019-05-31 00:00:00.000","1005"
"125341","1487600342","2015-02-01","2015-02-28 00:00:00.000","1005"
"125514","1194740597","2015-05-01","2015-05-31 00:00:00.000","1005"
"125890","1023021458","2020-02-01","2020-02-29 00:00:00.000","1005"
"126137","1528033941","2023-06-01","2023-06-30 00:00:00.000","1005"
"126220","1467494807","2024-08-01","2024-08-31 00:00:00.000","1005"
"126888","1235496621","2019-07-01","2019-07-31 00:00:00.000","1005"
"126970","1821067083","2019-07-01","2019-07-31 00:00:00.000","1005"
"127525","1730122987","2018-10-01","2018-10-31 00:00:00.000","1005"
"127666","1558331504","2018-01-01","2018-01-31 00:00:00.000","1005"
"127804","1609846682","2017-08-01","2017-08-31 00:00:00.000","1005"
"127847","1295775542","2015-01-01","2015-01-31 00:00:00.000","1005"
"128051","1669676326","2020-11-01","2020-11-30 00:00:00.000","1005"
"128202","1902216120","2018-11-01","2018-11-30 00:00:00.000","1005"
"128655","1043280266","2015-08-01","2015-08-31 00:00:00.000","1005"
"128655","1043280266","2014-04-01","2014-04-30 00:00:00.000","1005"
"128807","1699745166","2020-10-01","2020-10-31 00:00:00.000","1005"
"128906","1033137740","2024-07-01","2024-07-31 00:00:00.000","1005"
"128906","1033137740","2022-09-01","2022-09-30 00:00:00.000","1005"
"128906","1336185875","2015-03-01","2015-03-31 00:00:00.000","1005"
"129062","1134125453","2024-04-01","2024-04-30 00:00:00.000","1005"
"129062","1447211420","2017-07-01","2017-07-31 00:00:00.000","1005"
"129062","1447211420","2017-06-01","2017-06-30 00:00:00.000","1005"
"129062","1447211420","2016-10-01","2016-10-31 00:00:00.000","1005"
"129288","1902976442","2023-07-01","2023-07-31 00:00:00.000","1005"
"129347","1942344213","2024-02-01","2024-02-29 00:00:00.000","1005"
"129347","1578523122","2014-05-01","2014-05-31 00:00:00.000","1005"
"129558","1831165653","2015-11-01","2015-11-30 00:00:00.000","1005"
"130129","1427053396","2021-03-01","2021-03-31 00:00:00.000","1005"
"130129","1427053396","2017-12-01","2017-12-31 00:00:00.000","1005"
"130129","1427053396","2013-09-01","2013-09-30 00:00:00.000","1005"
"130474","1750580262","2015-08-01","2015-08-31 00:00:00.000","1005"
"130474","1750580262","2013-04-01","2013-04-30 00:00:00.000","1005"
"130607","1841447158","2020-03-01","2020-03-31 00:00:00.000","1005"
"130749","1194760074","2013-05-01","2013-05-31 00:00:00.000","1005"
"130886","1801821780","2019-03-01","2019-03-31 00:00:00.000","1005"
"130886","1376567081","2018-01-01","2018-12-31 00:00:00.000","1005"
"130889","1285989327","2017-07-01","2017-07-31 00:00:00.000","1005"
"130937","1083601801","2014-03-01","2014-03-31 00:00:00.000","1005"
"131340","1508836099","2014-03-01","2014-03-31 00:00:00.000","1005"
"131477","1497718936","2021-09-01","2021-09-30 00:00:00.000","1005"
"131536","1740261114","2023-04-01","2023-04-30 00:00:00.000","1005"
"131536","1740261114","2020-10-01","2020-10-31 00:00:00.000","1005"
"131611","1013987593","2021-02-01","2021-02-28 00:00:00.000","1005"
"131696","1902976442","2024-04-01","2024-04-30 00:00:00.000","1005"
"131716","1841258548","2016-06-01","2016-06-30 00:00:00.000","1005"
"132067","1205894623","2019-11-01","2019-11-30 00:00:00.000","1005"
"132067","1205894623","2014-07-01","2014-07-31 00:00:00.000","1005"
"132288","1245235621","2022-01-01","2022-01-31 00:00:00.000","1005"
"132288","1245235621","2015-01-01","2015-01-31 00:00:00.000","1005"
"133222","1841206893","2020-02-01","2020-02-29 00:00:00.000","1005"
"21286","1366540791","2022-07-01","2022-12-31 00:00:00.000","1008"
"23858","1245546407","2021-11-01","2022-06-30 00:00:00.000","1008"
"27357","1649224312","2018-01-01","2018-12-31 00:00:00.000","1008"
"29332","1174056618","2024-01-01","2026-02-28 00:00:00.000","1008"
"123661","1851392401","2017-10-01","2017-10-31 00:00:00.000","1005"
"123875","1902867963","2019-10-01","2019-10-31 00:00:00.000","1005"
"123875","1902867963","2019-07-01","2019-07-31 00:00:00.000","1005"
"123963","1013987593","2019-11-01","2019-11-30 00:00:00.000","1005"
"124459","1649281296","2024-12-01","2026-03-30 00:00:00.000","1005"
"124739","1407969942","2013-06-01","2013-06-30 00:00:00.000","1005"
"124812","1710218169","2021-03-01","2021-03-31 00:00:00.000","1005"
"124920","1578523122","2013-06-01","2013-06-30 00:00:00.000","1005"
"124995","1245235621","2016-02-01","2016-02-29 00:00:00.000","1005"
"125190","1821029307","2014-08-01","2014-08-31 00:00:00.000","1005"
"125352","1295775542","2015-04-01","2015-04-30 00:00:00.000","1005"
"125369","1184061665","2023-07-01","2023-07-31 00:00:00.000","1005"
"125611","1508836099","2023-10-01","2023-10-31 00:00:00.000","1005"
"125743","1164483830","2015-11-01","2015-11-30 00:00:00.000","1005"
"125743","1164483830","2013-11-01","2013-11-30 00:00:00.000","1005"
"126052","1881629624","2024-06-01","2024-06-30 00:00:00.000","1005"
"126487","1972563492","2017-08-01","2017-08-31 00:00:00.000","1005"
"126487","1972563492","2016-10-01","2016-10-31 00:00:00.000","1005"
"126612","1700847779","2022-09-01","2022-09-30 00:00:00.000","1005"
"126612","1700847779","2020-03-01","2020-03-31 00:00:00.000","1005"
"126805","1598847949","2015-12-01","2015-12-31 00:00:00.000","1005"
"126890","1609846682","2023-12-01","2023-12-31 00:00:00.000","1005"
"126890","1609846682","2013-12-01","2013-12-31 00:00:00.000","1005"
"126997","1740591874","2022-10-01","2022-10-31 00:00:00.000","1005"
"127009","1386675502","2019-08-01","2019-08-31 00:00:00.000","1005"
"127106","1831167956","2024-09-01","2024-09-30 00:00:00.000","1005"
"127361","1730492406","2016-10-01","2016-10-31 00:00:00.000","1005"
"127793","1750508032","2023-04-01","2023-04-30 00:00:00.000","1005"
"127796","1679585087","2022-12-01","2022-12-31 00:00:00.000","1005"
"127796","1679585087","2018-02-01","2018-02-28 00:00:00.000","1005"
"127989","1588625552","2018-01-01","2018-01-31 00:00:00.000","1005"
"128119","1679578777","2015-01-01","2015-01-31 00:00:00.000","1005"
"128121","1548267446","2021-10-01","2021-10-31 00:00:00.000","1005"
"128176","1164469136","2023-12-01","2023-12-31 00:00:00.000","1005"
"128176","1164469136","2013-05-01","2013-05-31 00:00:00.000","1005"
"128374","1629078290","2017-11-01","2017-11-30 00:00:00.000","1005"
"128403","1215985015","2024-06-01","2024-06-30 00:00:00.000","1005"
"128403","1215985015","2024-05-01","2024-05-31 00:00:00.000","1005"
"128839","1467481549","2020-01-01","2020-01-31 00:00:00.000","1005"
"128967","1255377552","2015-10-01","2015-10-31 00:00:00.000","1005"
"129072","1770555450","2018-09-01","2018-09-30 00:00:00.000","1005"
"129072","1770555450","2017-03-01","2017-03-31 00:00:00.000","1005"
"129584","1861498503","2024-03-01","2024-03-31 00:00:00.000","1005"
"129584","1861498503","2022-07-01","2022-07-31 00:00:00.000","1005"
"129904","1871501874","2024-06-01","2024-06-30 00:00:00.000","1005"
"130670","1417927971","2024-09-01","2024-09-30 00:00:00.000","1005"
"131137","1992746036","2015-11-01","2015-11-30 00:00:00.000","1005"
"131215","1811958796","2019-05-01","2019-05-31 00:00:00.000","1005"
"131711","1326079658","2024-04-01","2024-04-30 00:00:00.000","1005"
"131717","1841587284","2024-10-01","2024-10-31 00:00:00.000","1005"
"131717","1841587284","2022-02-01","2022-02-28 00:00:00.000","1005"
"133420","1639130511","2017-05-01","2017-05-31 00:00:00.000","1005"
"133954","1316931439","2019-03-01","2019-03-31 00:00:00.000","1005"
"134012","1578745907","2017-06-01","2017-06-30 00:00:00.000","1005"
"134046","1720280647","2022-07-01","2022-07-31 00:00:00.000","1005"
"134104","1699745166","2015-08-01","2015-08-31 00:00:00.000","1005"
"134134","1801837935","2018-08-01","2018-08-31 00:00:00.000","1005"
"134323","1356311823","2022-11-01","2022-11-30 00:00:00.000","1005"
"135238","1346293453","2020-10-01","2020-10-31 00:00:00.000","1005"
"135334","1619950359","2023-06-01","2023-06-30 00:00:00.000","1005"
"135762","1417335480","2024-10-01","2024-10-31 00:00:00.000","1005"
"135854","1023088507","2014-03-01","2014-03-31 00:00:00.000","1005"
"135999","1629001318","2022-07-01","2022-07-31 00:00:00.000","1005"
"136230","1568626646","2014-02-01","2014-02-28 00:00:00.000","1005"
"115897","1053330803","2022-01-01","2022-12-31 00:00:00.000","1008"
"118602","1740402874","2017-09-01","2017-12-31 00:00:00.000","1008"
"120678","1336139807","2020-01-01","2020-09-30 00:00:00.000","1008"
"121456","1346293453","2014-04-01","2014-04-30 00:00:00.000","1005"
"121581","1962464214","2021-08-01","2021-08-31 00:00:00.000","1005"
"121618","1326096900","2023-12-01","2023-12-31 00:00:00.000","1005"
"121977","1629078290","2020-09-01","2020-09-30 00:00:00.000","1005"
"122070","1558329979","2020-07-01","2020-07-31 00:00:00.000","1005"
"122242","1902843709","2015-02-01","2015-02-28 00:00:00.000","1005"
"122324","1033137740","2020-10-01","2020-10-31 00:00:00.000","1005"
"123140","1265697015","2020-04-01","2020-04-30 00:00:00.000","1005"
"123140","1265697015","2018-04-01","2018-04-30 00:00:00.000","1005"
"123140","1265697015","2014-12-01","2014-12-31 00:00:00.000","1005"
"123728","1396912853","2022-07-01","2022-07-31 00:00:00.000","1005"
"123858","1780620823","2013-03-01","2013-03-31 00:00:00.000","1005"
"123882","1194760074","2021-10-01","2021-10-31 00:00:00.000","1005"
"123882","1194760074","2014-08-01","2014-08-31 00:00:00.000","1005"
"124044","1841237104","2022-06-01","2022-06-30 00:00:00.000","1005"
"124049","1770555450","2020-06-01","2020-06-30 00:00:00.000","1005"
"125383","1831167956","2021-09-01","2021-09-30 00:00:00.000","1005"
"125393","1376503896","2016-05-01","2016-05-31 00:00:00.000","1005"
"125420","1902843709","2013-04-01","2013-04-30 00:00:00.000","1005"
"125522","1558331504","2017-08-01","2017-08-31 00:00:00.000","1005"
"125969","1922132562","2017-07-01","2017-07-31 00:00:00.000","1005"
"126083","1285668475","2021-05-01","2021-05-31 00:00:00.000","1005"
"126116","1972521110","2022-04-01","2022-04-30 00:00:00.000","1005"
"126127","1366540791","2014-06-01","2014-06-30 00:00:00.000","1005"
"126198","1457353500","2020-04-01","2020-04-30 00:00:00.000","1005"
"126198","1457353500","2016-09-01","2016-09-30 00:00:00.000","1005"
"126459","1467491803","2022-01-01","2022-01-31 00:00:00.000","1005"
"126459","1467491803","2015-09-01","2015-09-30 00:00:00.000","1005"
"126691","1003806332","2024-09-01","2024-09-30 00:00:00.000","1005"
"126989","1902843709","2019-03-01","2019-03-31 00:00:00.000","1005"
"127203","1679526875","2019-08-01","2019-08-31 00:00:00.000","1005"
"127331","1386675502","2024-11-01","2024-11-30 00:00:00.000","1005"
"127372","1801837935","2021-05-01","2021-05-31 00:00:00.000","1005"
"127523","1841206893","2024-09-01","2024-09-30 00:00:00.000","1005"
"127612","1801892443","2018-01-01","2018-01-31 00:00:00.000","1005"
"127772","1689660557","2022-06-01","2022-06-30 00:00:00.000","1005"
"127790","1023088507","2013-04-01","2013-04-30 00:00:00.000","1005"
"127803","1497784359","2017-05-01","2017-05-31 00:00:00.000","1005"
"127803","1497784359","2013-05-01","2013-05-31 00:00:00.000","1005"
"128206","1952338170","2023-02-01","2023-02-28 00:00:00.000","1005"
"128244","1063446417","2014-06-01","2014-06-30 00:00:00.000","1005"
"128299","1801892443","2019-11-01","2019-11-30 00:00:00.000","1005"
"128701","1053381541","2022-08-01","2022-08-31 00:00:00.000","1005"
"128701","1053381541","2020-07-01","2020-07-31 00:00:00.000","1005"
"128701","1053381541","2018-01-01","2018-01-31 00:00:00.000","1005"
"128820","1467415695","2024-12-01","2026-03-30 00:00:00.000","1005"
"128820","1558637991","2021-02-01","2021-02-28 00:00:00.000","1005"
"129353","1992746036","2017-03-01","2017-03-31 00:00:00.000","1005"
"129419","1457321929","2017-12-01","2017-12-31 00:00:00.000","1005"
"129419","1457321929","2016-01-01","2016-01-31 00:00:00.000","1005"
"129419","1457321929","2013-10-01","2013-10-31 00:00:00.000","1005"
"129533","1194760074","2020-11-01","2020-11-30 00:00:00.000","1005"
"129869","1932161346","2018-11-01","2018-11-30 00:00:00.000","1005"
"130198","1093747842","2017-04-01","2017-04-30 00:00:00.000","1005"
"130715","1508808825","2015-03-01","2015-03-31 00:00:00.000","1005"
"130754","1679591267","2020-07-01","2020-07-31 00:00:00.000","1005"
"131411","1831167956","2016-01-01","2016-01-31 00:00:00.000","1005"
"131557","1942261953","2020-11-01","2020-11-30 00:00:00.000","1005"
"131565","1013987593","2022-01-01","2022-01-31 00:00:00.000","1005"
"131565","1013987593","2015-11-01","2015-11-30 00:00:00.000","1005"
"131924","1669738522","2019-12-01","2019-12-31 00:00:00.000","1005"
"133477","1447211420","2019-05-01","2019-05-31 00:00:00.000","1005"
"133729","1093194912","2022-11-01","2022-11-30 00:00:00.000","1005"
"134174","1447211420","2019-05-01","2019-05-31 00:00:00.000","1005"
"134430","1013987593","2021-05-01","2021-05-31 00:00:00.000","1005"
"134525","1164483830","2020-02-01","2020-02-29 00:00:00.000","1005"
"134525","1164483830","2018-07-01","2018-07-31 00:00:00.000","1005"
"134566","1285652586","2023-04-01","2023-04-30 00:00:00.000","1005"
"135062","1023088507","2018-07-01","2018-07-31 00:00:00.000","1005"
"135091","1528173507","2022-04-01","2022-04-30 00:00:00.000","1005"
"135488","1568773257","2024-04-01","2024-04-30 00:00:00.000","1005"
"135488","1568773257","2024-03-01","2024-03-31 00:00:00.000","1005"
"136431","1902843709","2015-01-01","2015-01-31 00:00:00.000","1005"
"136826","1932161346","2014-09-01","2014-09-30 00:00:00.000","1005"
"137447","1801893474","2019-07-01","2019-07-31 00:00:00.000","1005"
"137995","1659332625","2015-01-01","2015-01-31 00:00:00.000","1005"
"139202","1194986208","2020-06-01","2020-06-30 00:00:00.000","1005"
"139770","1407894926","2017-08-01","2017-08-31 00:00:00.000","1005"
"139894","1932160884","2018-09-01","2018-09-30 00:00:00.000","1005"
"139927","1740402874","2024-10-01","2024-10-31 00:00:00.000","1005"
"140167","1093747842","2020-06-01","2020-06-30 00:00:00.000","1005"
"140294","1417913344","2024-06-01","2024-06-30 00:00:00.000","1005"
"140776","1356311823","2015-12-01","2015-12-31 00:00:00.000","1005"
"141112","1245235621","2018-09-01","2018-09-30 00:00:00.000","1005"
"141359","1568626646","2019-11-01","2019-11-30 00:00:00.000","1005"
"141443","1659502763","2016-06-01","2016-06-30 00:00:00.000","1005"
"141739","1225059256","2023-08-01","2023-08-31 00:00:00.000","1005"
"141859","1528016326","2020-12-01","2020-12-31 00:00:00.000","1005"
"141908","1417927971","2020-09-01","2020-09-30 00:00:00.000","1005"
"142497","1417927971","2024-07-01","2024-07-31 00:00:00.000","1005"
"142632","1164478194","2015-04-01","2015-04-30 00:00:00.000","1005"
"142738","1548255870","2022-11-01","2022-11-30 00:00:00.000","1005"
"142738","1548267446","2016-11-01","2016-11-30 00:00:00.000","1005"
"142738","1548267446","2015-12-01","2015-12-31 00:00:00.000","1005"
"142814","1053381541","2018-03-01","2018-03-31 00:00:00.000","1005"
"142814","1053381541","2013-01-01","2013-01-31 00:00:00.000","1005"
"142902","1467891143","2023-08-01","2023-08-31 00:00:00.000","1005"
"142920","1023002144","2019-05-01","2019-05-31 00:00:00.000","1005"
"143125","1558331504","2019-11-01","2019-11-30 00:00:00.000","1005"
"143152","1770518896","2019-05-01","2019-05-31 00:00:00.000","1005"
"143444","1164469136","2020-11-01","2020-11-30 00:00:00.000","1005"
"143457","1750580262","2013-11-01","2013-11-30 00:00:00.000","1005"
"143795","1023012002","2015-04-01","2015-04-30 00:00:00.000","1005"
"143825","1578523122","2021-10-01","2021-10-31 00:00:00.000","1005"
"143841","1245235621","2015-03-01","2015-03-31 00:00:00.000","1005"
"143887","1023002144","2016-10-01","2016-10-31 00:00:00.000","1005"
"144066","1104889641","2023-04-01","2023-04-30 00:00:00.000","1005"
"144821","1356311823","2021-08-01","2021-08-31 00:00:00.000","1005"
"144990","1073173829","2023-03-01","2023-03-31 00:00:00.000","1005"
"144990","1134163710","2017-07-01","2017-07-31 00:00:00.000","1005"
"145074","1225355134","2015-06-01","2015-06-30 00:00:00.000","1005"
"145315","1972865426","2024-08-01","2024-08-31 00:00:00.000","1005"
"146036","1659332625","2016-03-01","2016-03-31 00:00:00.000","1005"
"146185","1487614392","2021-08-01","2021-08-31 00:00:00.000","1005"
"146239","1245235621","2015-02-01","2015-02-28 00:00:00.000","1005"
"146240","1386602696","2019-01-01","2019-01-31 00:00:00.000","1005"
"146371","1386604825","2023-08-01","2023-08-31 00:00:00.000","1005"
"146570","1659332625","2021-09-01","2021-09-30 00:00:00.000","1005"
"146853","1023012002","2013-08-01","2013-08-31 00:00:00.000","1005"
"147156","1699745166","2017-01-01","2017-01-31 00:00:00.000","1005"
"147645","1831151307","2015-07-01","2015-07-31 00:00:00.000","1005"
"147800","1518907732","2017-09-01","2017-09-30 00:00:00.000","1005"
"147800","1518907732","2016-02-01","2016-02-29 00:00:00.000","1005"
"148291","1548267446","2015-06-01","2015-06-30 00:00:00.000","1005"
"148816","1588627723","2015-01-01","2017-06-30 00:00:00.000","1005"
"148924","1285668475","2024-08-01","2024-08-31 00:00:00.000","1005"
"148938","1578523122","2021-02-01","2021-02-28 00:00:00.000","1005"
"149044","1699712125","2016-04-01","2016-04-30 00:00:00.000","1005"
"149275","1285989327","2018-12-01","2018-12-31 00:00:00.000","1005"
"149324","1659332625","2014-04-01","2014-04-30 00:00:00.000","1005"
"149324","1659332625","2013-01-01","2013-01-31 00:00:00.000","1005"
"149427","1033423496","2022-08-01","2022-08-31 00:00:00.000","1005"
"149573","1295775542","2017-07-01","2017-07-31 00:00:00.000","1005"
"149710","1356761522","2024-01-01","2024-01-31 00:00:00.000","1005"
"149995","1780610477","2017-01-01","2017-01-31 00:00:00.000","1005"
"150111","1518907732","2020-04-01","2020-04-30 00:00:00.000","1005"
"150244","1457321929","2020-04-01","2020-04-30 00:00:00.000","1005"
"150321","1972563492","2014-01-01","2014-01-31 00:00:00.000","1005"
"150476","1356311823","2015-09-01","2015-09-30 00:00:00.000","1005"
"150568","1356314355","2023-04-01","2023-04-30 00:00:00.000","1005"
"150644","1346293453","2022-09-01","2022-09-30 00:00:00.000","1005"
"150716","1871860700","2019-12-01","2019-12-31 00:00:00.000","1005"
"151079","1699745166","2018-04-01","2018-04-30 00:00:00.000","1005"
"151208","1831167956","2014-01-01","2014-01-31 00:00:00.000","1005"
"151279","1437394723","2014-04-01","2014-04-30 00:00:00.000","1005"
"13277","1700863560","2019-02-01","2020-06-30 00:00:00.000","1008"
"14125","1326221649","2024-05-01","2026-02-28 00:00:00.000","1008"
"14830","1265783815","2023-01-01","2023-03-31 00:00:00.000","1008"
"16378","1427155829","2017-01-01","2017-12-31 00:00:00.000","1008"
"21520","1154539534","2022-07-01","2023-06-30 00:00:00.000","1008"
"21747","1588868186","2024-05-01","2024-11-30 00:00:00.000","1008"
"23036","1033396635","2024-05-01","2024-11-30 00:00:00.000","1008"
"24502","1942344213","2017-04-01","2017-06-30 00:00:00.000","1008"
"26724","1093759896","2016-07-01","2016-07-31 00:00:00.000","1005"
"29803","1780669168","2014-01-01","2014-12-31 00:00:00.000","1008"
"30072","1356311823","2021-01-01","2021-09-30 00:00:00.000","1008"
"30406","1538239173","2024-02-01","2024-11-30 00:00:00.000","1008"
"33267","1518057439","2017-05-01","2017-12-31 00:00:00.000","1008"
"34857","1538239173","2019-06-01","2019-12-31 00:00:00.000","1008"
"36770","1538239173","2024-01-01","2024-03-31 00:00:00.000","1008"
"39930","1922056720","2022-01-01","2022-12-31 00:00:00.000","1008"
"39930","1922056720","2021-01-01","2021-12-31 00:00:00.000","1008"
"39930","1922056720","2020-05-01","2020-12-31 00:00:00.000","1008"
"40000","1598714719","2017-01-01","2017-12-31 00:00:00.000","1008"
"40767","1144242512","2014-10-01","2014-10-31 00:00:00.000","1005"
"40796","1770555450","2023-12-01","2023-12-31 00:00:00.000","1008"
"45305","1316982671","2023-07-01","2023-07-31 00:00:00.000","1008"
"47065","1306139480","2020-05-01","2020-09-30 00:00:00.000","1008"
"47792","1053381541","2020-05-01","2020-12-31 00:00:00.000","1008"
"60634","1538239173","2022-01-01","2022-12-31 00:00:00.000","1008"
"61099","1437265147","2021-01-01","2021-12-31 00:00:00.000","1008"
"68045","1669434601","2017-01-01","2017-06-30 00:00:00.000","1008"
"69987","1437413366","2022-08-01","2023-06-30 00:00:00.000","1008"
"70023","1164471496","2019-08-01","2019-08-31 00:00:00.000","1005"
"74164","1417927971","2017-02-01","2017-02-28 00:00:00.000","1005"
"74164","1417927971","2015-03-01","2015-03-31 00:00:00.000","1005"
"76409","1659332625","2014-03-01","2014-03-31 00:00:00.000","1005"
"79651","1972521110","2018-05-01","2018-12-31 00:00:00.000","1008"
"82511","1548249030","2024-01-01","2024-03-31 00:00:00.000","1008"
"82511","1144281205","2018-04-01","2018-04-30 00:00:00.000","1005"
"84727","1881672749","2024-05-01","2024-05-31 00:00:00.000","1005"
"87748","1831349448","2024-09-01","2026-02-28 00:00:00.000","1008"
"88575","1679869317","2019-01-01","2019-12-31 00:00:00.000","1008"
"95227","1053381541","2020-05-01","2021-06-30 00:00:00.000","1008"
"99375","1366497471","2018-01-01","2018-12-31 00:00:00.000","1008"
"99525","1497770689","2021-02-01","2021-12-31 00:00:00.000","1008"
"99782","1265729461","2022-01-01","2022-12-31 00:00:00.000","1008"
"104727","1497784359","2021-01-01","2021-02-28 00:00:00.000","1008"
"106133","1306009469","2024-09-01","2026-02-28 00:00:00.000","1008"
"30510","1861498503","2021-01-01","2021-12-31 00:00:00.000","1008"
"30588","1104896851","2017-12-01","2017-12-31 00:00:00.000","1008"
"32741","1629001318","2017-01-01","2017-12-31 00:00:00.000","1008"
"33518","1194752642","2021-10-01","2021-12-31 00:00:00.000","1008"
"34372","1407937592","2021-11-01","2021-12-31 00:00:00.000","1008"
"39037","1669648689","2019-09-01","2019-12-31 00:00:00.000","1008"
"41343","1740235308","2020-05-01","2021-06-30 00:00:00.000","1008"
"43711","1356344600","2023-01-01","2023-07-31 00:00:00.000","1008"
"136921","1578523122","2014-07-01","2014-07-31 00:00:00.000","1005"
"136932","1629078290","2022-09-01","2022-09-30 00:00:00.000","1005"
"137142","1972783694","2016-03-01","2016-03-31 00:00:00.000","1005"
"137439","1063524049","2017-11-01","2017-11-30 00:00:00.000","1005"
"137591","1023088507","2017-01-01","2017-01-31 00:00:00.000","1005"
"137591","1023088507","2014-07-01","2014-07-31 00:00:00.000","1005"
"137855","1881810794","2017-02-01","2017-02-28 00:00:00.000","1005"
"137877","1285668475","2024-09-01","2024-09-30 00:00:00.000","1005"
"138088","1215040050","2018-04-01","2018-04-30 00:00:00.000","1005"
"138220","1750508032","2021-03-01","2021-03-31 00:00:00.000","1005"
"138899","1780603266","2022-04-01","2022-04-30 00:00:00.000","1005"
"139125","1144281205","2015-01-01","2015-01-31 00:00:00.000","1005"
"139199","1023227063","2018-09-01","2018-09-30 00:00:00.000","1005"
"139325","1942344213","2021-10-01","2021-10-31 00:00:00.000","1005"
"139505","1811195365","2021-09-01","2021-09-30 00:00:00.000","1005"
"139966","1760477160","2016-08-01","2016-08-31 00:00:00.000","1005"
"140136","1609846682","2018-11-01","2018-11-30 00:00:00.000","1005"
"140136","1609846682","2014-11-01","2014-11-30 00:00:00.000","1005"
"140780","1780620823","2016-05-01","2016-05-31 00:00:00.000","1005"
"140840","1629078290","2024-06-01","2024-06-30 00:00:00.000","1005"
"140840","1629078290","2020-05-01","2020-05-31 00:00:00.000","1005"
"141174","1427027762","2019-05-01","2019-05-31 00:00:00.000","1005"
"141380","1053381541","2023-01-01","2023-01-31 00:00:00.000","1005"
"141419","1144228578","2021-05-01","2021-05-31 00:00:00.000","1005"
"141453","1588193916","2023-05-01","2023-05-31 00:00:00.000","1005"
"142151","1053971911","2023-05-01","2023-05-31 00:00:00.000","1005"
"142180","1427053396","2015-03-01","2015-03-31 00:00:00.000","1005"
"142689","1245235621","2023-03-01","2023-03-31 00:00:00.000","1005"
"142822","1174514335","2016-05-01","2016-05-31 00:00:00.000","1005"
"142913","1588625560","2015-01-01","2015-01-31 00:00:00.000","1005"
"143114","1952362923","2019-11-01","2019-11-30 00:00:00.000","1005"
"143118","1467494807","2023-06-01","2023-06-30 00:00:00.000","1005"
"143142","1841237104","2016-08-01","2016-08-31 00:00:00.000","1005"
"143609","1952362923","2021-11-01","2021-11-30 00:00:00.000","1005"
"144069","1346293453","2013-06-01","2013-06-30 00:00:00.000","1005"
"144083","1740261114","2024-02-01","2024-02-29 00:00:00.000","1005"
"144144","1386604825","2023-09-01","2023-09-30 00:00:00.000","1005"
"144738","1487650123","2021-09-01","2021-09-30 00:00:00.000","1005"
"144797","1639130511","2015-06-01","2015-06-30 00:00:00.000","1005"
"145267","1932137379","2021-02-01","2021-02-28 00:00:00.000","1005"
"146112","1013995810","2020-05-01","2020-05-31 00:00:00.000","1005"
"146287","1154733913","2024-08-01","2024-08-31 00:00:00.000","1005"
"146321","1144281205","2016-03-01","2016-03-31 00:00:00.000","1005"
"147894","1265697015","2021-01-01","2021-01-31 00:00:00.000","1005"
"147894","1265697015","2016-10-01","2016-10-31 00:00:00.000","1005"
"148016","1336185461","2014-11-01","2014-11-30 00:00:00.000","1005"
"148208","1134163710","2015-04-01","2015-04-30 00:00:00.000","1005"
"148598","1154736833","2018-10-01","2018-10-31 00:00:00.000","1005"
"148897","1033137740","2023-03-01","2023-03-31 00:00:00.000","1005"
"149119","1841258548","2013-04-01","2013-04-30 00:00:00.000","1005"
"149960","1447211420","2019-06-01","2019-06-30 00:00:00.000","1005"
"149960","1447211420","2019-04-01","2019-04-30 00:00:00.000","1005"
"149960","1447211420","2015-11-01","2015-11-30 00:00:00.000","1005"
"149970","1851392401","2020-08-01","2020-08-31 00:00:00.000","1005"
"150024","1194986208","2019-01-01","2019-01-31 00:00:00.000","1005"
"150107","1386965234","2023-03-01","2023-03-31 00:00:00.000","1005"
"150107","1386965234","2022-03-01","2022-03-31 00:00:00.000","1005"
"150358","1831349448","2021-07-01","2021-07-31 00:00:00.000","1005"
"150358","1558329979","2019-05-01","2019-05-31 00:00:00.000","1005"
"150475","1538234349","2022-12-01","2022-12-31 00:00:00.000","1005"
"150536","1639179013","2016-08-01","2016-08-31 00:00:00.000","1005"
"150605","1942261953","2019-04-01","2019-04-30 00:00:00.000","1005"
"150714","1962407353","2016-03-01","2016-03-31 00:00:00.000","1005"
"150714","1962407353","2015-07-01","2015-07-31 00:00:00.000","1005"
"151380","1700847779","2013-05-01","2013-05-31 00:00:00.000","1005"
"151650","1144281171","2018-04-01","2018-04-30 00:00:00.000","1005"
"151657","1811977150","2024-12-01","2026-03-30 00:00:00.000","1005"
"151657","1942231220","2021-06-01","2021-06-30 00:00:00.000","1005"
"151657","1942231220","2020-06-01","2020-06-30 00:00:00.000","1005"
"14373","1881957140","2021-11-01","2021-12-31 00:00:00.000","1008"
"15245","1215985015","2019-01-01","2019-08-31 00:00:00.000","1008"
"16116","1265729461","2021-12-01","2021-12-31 00:00:00.000","1005"
"16148","1679585087","2021-08-01","2021-12-31 00:00:00.000","1008"
"24515","1043449325","2022-07-01","2022-08-31 00:00:00.000","1008"
"27197","1952338170","2017-09-01","2017-12-31 00:00:00.000","1008"
"28199","1285051748","2022-07-01","2022-12-31 00:00:00.000","1008"
"28411","1831167956","2016-02-01","2016-02-29 00:00:00.000","1005"
"29258","1396972865","2019-12-01","2019-12-31 00:00:00.000","1008"
"34090","1689610750","2021-01-01","2021-12-31 00:00:00.000","1008"
"34305","1376640789","2020-05-01","2021-06-30 00:00:00.000","1008"
"34885","1548267446","2013-03-01","2013-03-31 00:00:00.000","1005"
"38702","1144242512","2016-03-01","2016-03-31 00:00:00.000","1005"
"38702","1144242512","2015-11-01","2015-11-30 00:00:00.000","1005"
"39123","1558308643","2020-01-01","2020-12-31 00:00:00.000","1008"
"39664","1932334703","2022-01-01","2022-12-31 00:00:00.000","1008"
"41456","1235107657","2024-01-01","2024-05-31 00:00:00.000","1008"
"42568","1043257645","2024-02-01","2024-04-30 00:00:00.000","1008"
"46982","1942203278","2016-08-01","2016-12-31 00:00:00.000","1008"
"47247","1063525806","2017-12-01","2017-12-31 00:00:00.000","1008"
"47703","1336282060","2016-01-01","2016-12-31 00:00:00.000","1008"
"48374","1962407353","2013-05-01","2013-05-31 00:00:00.000","1005"
"50152","1780669168","2016-01-01","2016-01-31 00:00:00.000","1008"
"52752","1558474148","2019-06-01","2019-12-31 00:00:00.000","1008"
"53114","1952341265","2022-10-01","2022-11-30 00:00:00.000","1008"
"54327","1679585087","2023-07-01","2023-12-31 00:00:00.000","1008"
"56335","1912178567","2024-08-01","2026-02-28 00:00:00.000","1008"
"60764","1497919583","2021-05-01","2021-05-31 00:00:00.000","1005"
"62638","1689604647","2023-01-01","2023-01-31 00:00:00.000","1005"
"62898","1164439469","2018-07-01","2018-12-31 00:00:00.000","1008"
"63079","1952348823","2020-05-01","2020-09-30 00:00:00.000","1008"
"63575","1427017540","2020-01-01","2020-12-31 00:00:00.000","1008"
"63683","1497963698","2023-01-01","2023-12-31 00:00:00.000","1008"
"66198","1427027762","2024-01-01","2024-11-30 00:00:00.000","1008"
"66822","1952338170","2020-01-01","2020-12-31 00:00:00.000","1008"
"67257","1043324098","2022-04-01","2022-06-30 00:00:00.000","1008"
"68170","1780627836","2020-05-01","2020-07-31 00:00:00.000","1008"
"72073","1952338170","2021-11-01","2021-12-31 00:00:00.000","1008"
"72412","1417927971","2023-01-01","2023-10-31 00:00:00.000","1008"
"73457","1104084540","2022-07-01","2022-12-31 00:00:00.000","1008"
"74929","1164439469","2017-01-01","2017-12-31 00:00:00.000","1008"
"76388","1588994693","2022-07-01","2022-12-31 00:00:00.000","1008"
"77081","1649224312","2020-01-01","2020-02-29 00:00:00.000","1008"
"81724","1780900340","2023-09-01","2023-12-31 00:00:00.000","1008"
"83096","1427017540","2022-01-01","2022-12-31 00:00:00.000","1008"
"83137","1366470379","2020-05-01","2020-12-31 00:00:00.000","1008"
"83603","1285668202","2024-01-01","2024-11-30 00:00:00.000","1008"
"84659","1952338170","2023-01-01","2023-12-31 00:00:00.000","1008"
"84878","1548249030","2020-05-01","2020-12-31 00:00:00.000","1008"
"85533","1780888479","2023-11-01","2023-11-30 00:00:00.000","1005"
"85628","1033396635","2019-09-01","2019-12-31 00:00:00.000","1008"
"86069","1053381541","2022-07-01","2022-12-31 00:00:00.000","1008"
"86552","1538239173","2020-05-01","2020-12-31 00:00:00.000","1008"
"87524","1932160884","2020-05-01","2021-06-30 00:00:00.000","1008"
"87914","1861450769","2022-01-01","2022-12-31 00:00:00.000","1008"
"89259","1093701054","2023-01-01","2023-12-31 00:00:00.000","1008"
"89259","1093701054","2020-01-01","2020-07-31 00:00:00.000","1008"
"90577","1427014539","2021-01-01","2021-03-31 00:00:00.000","1008"
"92328","1326096900","2022-07-01","2022-12-31 00:00:00.000","1008"
"125014","1831167956","2014-09-01","2014-09-30 00:00:00.000","1005"
"125031","1386602696","2018-10-01","2018-10-31 00:00:00.000","1005"
"125491","1427014539","2020-11-01","2020-11-30 00:00:00.000","1005"
"125622","1265436943","2023-09-01","2023-09-30 00:00:00.000","1005"
"125732","1902959224","2020-02-01","2020-02-29 00:00:00.000","1005"
"125949","1083654123","2019-06-01","2019-06-30 00:00:00.000","1005"
"126854","1083601801","2018-08-01","2018-08-31 00:00:00.000","1005"
"126882","1417927971","2020-09-01","2020-09-30 00:00:00.000","1005"
"127265","1659329241","2015-01-01","2018-12-31 00:00:00.000","1005"
"127548","1386687895","2013-05-01","2013-05-31 00:00:00.000","1005"
"127582","1164478194","2014-01-01","2014-01-31 00:00:00.000","1005"
"127590","1578523122","2016-03-01","2016-03-31 00:00:00.000","1005"
